address	value
100dbad0	__Canon_ScanGear_Main__
100dbc80	CColorSampleMainFrame
100dbe30	%s (%s:%d)
100dbe48	%s (%s:%d)\n%s
100dbe64	Exception thrown in destructor
100dbe88	C:\Program Files\Microsoft Visual Studio 8\VC\ATLMFC\INCLUDE\afxwin2.inl
100dbf58	CColorSampleView
100dbf98	C:\Program Files\Microsoft Visual Studio 8\VC\ATLMFC\INCLUDE\afxwin1.inl
100dcdd8	(Code:%i,%i,%i)
100dd0f8	%s-%i
100dd104	%s%02d
100dd128	FavoriteList_Pog
100dd14c	FavoriteList_Neg
100dd178	FavoriteListADF
100dd1a0	FavoriteList
100dd438	FaveToneAdjList_Threshold
100dd454	FaveToneAdjList_Tone
100dd46c	Color-
100dd474	Mono-
100dd6d8	%d %%
100dd710	Arial
100dd788	Static
100dd798	AfxWnd42sd
100ddf50	%2.2f
100ddf5c	%3.1f
100de310	CDlgPreference
100de698	%i %%
100de808	ACD FotoCanvas
100dea40	Unicows.dll
100dea4c	???.???
100dea6c	Kernel32.dll
100dea88	Kernel32.dll
100deaa0	frame
100deaac	CreateActCtxW
100deabc	ActivateActCtx
100deacc	DeactivateActCtx
100deae0	FindActCtxSectionStringW
100deafc	QueryActCtxW
100deb0c	Comctl32.dll
100deb28	GetModuleHandleExW
100deb3c	IsolationAware function called after IsolationAwareCleanup\n
100deb80	Dummy_Window_Class
100debac	Gray ColorMatch
100debcc	Color ColorMatch
100debf0	ScanStartSound_Sw
100dec14	ScanStartSound_File
100dec3c	ScanEndSound_Sw
100dec5c	ScanEndSound_File
100dec80	DetailInfoBtn
100dec9c	Button
100decac	CMainBase
100dee80	CMainFrame
100deec0	ShieldWnd
100deed4	ScanGear_STI_Terminate_Process
100df090	open
100df0b8	 %i 
100df0e0	 %i%c%02i 
100df4f0	CMainSheet
100df65c	ComboBox
100df988	bad allocation
100df998	REBAR
100dff88	FrameHeight
100dffa0	ClientRect
100dffb8	ScrollBarPos
100e0150	Software\Canon\ScanGear
100e0184	\Devices\
100e08dc	vector<T> too long
100e0900	Comctl32.dll
100e0910	InitCommonControlsEx
100e0928	GetThemeColor
100e0938	EnableThemeDialogTexture
100e0954	GetThemePartSize
100e0968	DrawThemeBackground
100e097c	CloseThemeData
100e098c	OpenThemeData
100e099c	IsAppThemed
100e09a8	UxTheme.dll
100e09c8	TOOLBAR
100e09d8	BUTTON
100e09e8	CMyEdit
100e0bb0	CPageColorSample
100e0eb8	CPageMain2
100e1be8	CPageMultiScan
100e1d9c	Image Type ADF PaperSize
100e1f10	CPageSimple2
100e22b0	CPageThumbWizard
100e2560	Film Type
100e26d8	CntrstSlider
100e26f4	BrghtSlider
100e270c	GammaWnd
100e2c60	CurveWnd
100e3238	HistCtrls
100e3688	ThresholdSlider
100e3aa8	CPrefColorSetting
100e3c5c	%0.2f
100e3c70	%.2f
100e3d80	MonitorGamma
100e3d9c	ColorMatch Output
100e3dc0	ColorMatch Platen
100e3de4	ColorMatch Pos
100e3e04	ColorMatch Neg
100e3e24	CPrefPreview
100e4028	ThumbCutOutSize
100e4048	CPrefScan
100e4278	CPrefScanner
100e442c	Execute Every Scan
100e4454	UserTempFolder
100e447c	DummyData
100e44a0	\Media
100e4620	CSGButton
100e4788	ToolBar
100e4830	GetThemeTransitionDuration
100e484c	EndBufferedAnimation
100e4864	BeginBufferedAnimation
100e487c	BufferedPaintRenderAnimation
100e489c	BufferedPaintUnInit
100e48b0	BufferedPaintInit
100e48c4	GetThemeSysFont
100e48d4	DrawThemeText
100e48e4	DrawThemeParentBackground
100e4908	0000000000
100e4928	%.12f
100e4950	%d%c%02d
100e4964	%d%c%01d
100e4b30	kernel32
100e4b44	IsWow64Process
100e4c54	option
100e4c64	%sSCGR%s.H%02i
100e4c84	%sSCGR%s.R%02i
100e4ca4	%sSCGR%s.TMP
100e4cc0	%sSCGR%s.MRK
100e4cdc	%sSCGR%s.PBG
100e4cf8	%sSCGR%s.PAG
100e4d14	%sSCGR%s.TIN
100e4d30	%sSCGR%s.T%02i
100e4d50	%sSCGR%s.PVR
100e4d6c	%sSCGR%s.PV%i
100e4d88	%s:%02i
100e4d98	Riff:%06i:%08i
100e4db8	makefile
100e4dcc	FavoriteToneData
100e4de0	SG_PAGE4
100e4df4	SG_PAGE3
100e4e08	SG_PAGE2
100e4e1c	SG_PAGE1
100e4e30	info_PATH
100e4e44	APP_PATH
100e4e58	SOFTWARE\CANON\Easy Guide Viewer\
100e4e9c	Image Type PLATEN PaperSize
100e4ed4	ADFSetting HighSpeed
100e4f00	IndexLayout
100e4f18	SilentMode
100e4f30	Unsharp
100e4f40	FilmCutSmall
100e4f5c	MonitorCorrect
100e4f7c	FG_ThumbInfo
100e4f98	Simple_Output
100e4fb4	UiStatus
100e4fc8	sRGB Color Space Profile.icm
100e4fe8	LampOffTime
100e5000	FavoriteData
100e5018	SG_SecondBoot
100e5034	DataFolder
100e5054	\CSSAMP1.MID
100e53e8	GetThreadPreferredUILanguages
100e5408	kernel32.dll
100e5424	SGRES_JP.DLL
100e5440	SGRES_ID.DLL
100e545c	SGRES_TH.DLL
100e5478	SGRES_AR.DLL
100e5494	SGRES_TR.DLL
100e54b0	SGRES_GR.DLL
100e54cc	SGRES_FI.DLL
100e54e8	SGRES_SE.DLL
100e5504	SGRES_NO.DLL
100e5520	SGRES_DK.DLL
100e553c	SGRES_KR.DLL
100e5558	SGRES_CZ.DLL
100e5574	SGRES_HU.DLL
100e5590	SGRES_RU.DLL
100e55ac	SGRES_PL.DLL
100e55c8	SGRES_NL.DLL
100e55e4	SGRES_PT.DLL
100e5600	SGRES_ES.DLL
100e561c	SGRES_IT.DLL
100e5638	SGRES_DE.DLL
100e5654	SGRES_FR.DLL
100e5670	SGRES_US.DLL
100e568c	SGRES_TW.DLL
100e56a8	SGRES_CN.DLL
100e56c4	Language
100e56d8	LangID
100e56e8	\_SETSCN_.INI
100e5704	MonitorGammaOther
100e5728	MonitorGamma22
100e5748	MonitorGamma18
100e5768	MonitorGamma10
100e5788	None
100e5794	ColorMatching
100e57b0	Recommended
100e57c8	UIOffScan
100e57dc	AutoHelp
100e57f0	ViewScannedImages
100e5814	AutoScan
100e5828	AdvancedHelp
100e5844	ToneCurve
100e5858	Histogram
100e586c	BrightnessContrast
100e5894	SaturationColorBalance
100e58c4	FilmReduceDustAndScratchesLow
100e5900	FilmReduceDustAndScratchesMedium
100e5944	FilmReduceDustAndScratchesHigh
100e5984	FilmRemoveDustAndScratchesLow
100e59c0	FilmRemoveDustAndScratchesMedium
100e5a04	FilmRemoveDustAndScratchesHigh
100e5a44	GutterShadowCorrectionLow
100e5a78	GutterShadowCorrectionMedium
100e5ab4	GutterShadowCorrectionHigh
100e5aec	BacklightCorrectionLow
100e5b1c	BacklightCorrectionMedium
100e5b50	BacklightCorrectionHigh
100e5b80	GrainCorrectionLow
100e5ba8	GrainCorrectionMedium
100e5bd4	GrainCorrectionHigh
100e5bfc	FadingCorrectionLow
100e5c24	FadingCorrectionMedium
100e5c54	FadingCorrectionHigh
100e5c80	ReduceDustAndScratchesLow
100e5cb4	ReduceDustAndScratchesMedium
100e5cf0	ReduceDustAndScratchesHigh
100e5d28	Descreen
100e5d3c	UnsharpMask
100e5d54	ShowthroughRemovalLow
100e5d80	ShowthroughRemovalHigh
100e5db0	AutoTone
100e5dc4	ResolutionOtherDpi
100e5dec	Resolution4800Dpi
100e5e10	Resolution2400Dpi
100e5e34	Resolution1200Dpi
100e5e58	Resolution600Dpi
100e5e7c	Resolution300Dpi
100e5ea0	Resolution150Dpi
100e5ec4	Resolution75Dpi
100e5ee4	BlackAndWhite
100e5f00	Grayscale
100e5f14	Color
100e5f20	MonochromePosiFilm
100e5f48	MonochromeNegaFilm
100e5f70	ColorPosiFilm
100e5f8c	ColorNegaFilm
100e5fa8	DocumentADFDuplex
100e5fcc	DocumentADFSimplex
100e5ff4	Platen
100e6004	AdvancedScan
100e6020	SimpleHelp
100e6038	SimpleColorPattern
100e6060	SimpleFilmReduceDustAndScratches
100e60a8	SimpleFilmRemoveDustAndScratches
100e60ec	SimpleGutterShadowCorrection
100e6128	SimpleBacklightCorrection
100e615c	SimpleFadingCorrection
100e618c	SimpleOCR
100e61a0	SimpleImageDisplay
100e61c8	SimplePrint
100e61e0	SimpleDocumentGrayADFDuplex
100e6218	SimpleDocumentColorADFDuplex
100e6254	SimpleDocumentGrayADFSimplex
100e6290	SimpleDocumentColorADFSimplex
100e62cc	SimplePosiFilmColor
100e62f4	SimpleNegaFilmColor
100e631c	SimpleDocumentGray
100e6344	SimpleNewspaperGray
100e636c	SimpleMagazineColor
100e6394	SimplePhotoColor
100e63b8	SimpleScan
100e63d0	Scan
100e63dc	Launch
100e63ec	App_Other
100e6400	App_Office
100e6418	App_Photoshop
100e6434	App_RosettaStone
100e6458	App_OPSE
100e646c	App_YomiKAKU
100e6488	App_PageManager
100e64a8	App_FileKAKU
100e64c4	App_Pstudio
100e64dc	App_MPNaviEX
100e64f8	IF_WireLessLAN
100e6518	IF_LAN
100e6528	IF_USB20
100e653c	IF_USB11
100e6550	Size_Height
100e6568	Size_Width
100e6580	DevID
100e658c	Version
100e659c	FirstTime
100e6768	Canon
100e6774	_SG_IPM_DATA_
100e6790	Canon\%s
100e67a4	Canon\%s\Temp
100e67c0	AppData
100e67d0	Explorer
100e67e4	Shell Folders
100e6800	Microsoft\Windows\CurrentVersion
100e6844	TASKDIALOG
100e685c	TaskDialogIndirect
100e6870	comctl32.dll
100e688c	SOFTWARE
100e6930	empty
100e693c	ScanGear
100e6950	Devices
100e6964	CDialog
100e6ae8	Edit
100e6bc0	MS Shell Dlg
100e6bec	AfxWnd80su
100e6c04	AfxControlBar80su
100e6c28	AfxMDIFrame80su
100e6c48	AfxFrameOrView80su
100e6c70	AfxOleControl80su
100e6c94	AfxOldWndProc423
100e6cdc	GetMonitorInfoA
100e6cec	GetMonitorInfoW
100e6cfc	EnumDisplayDevicesW
100e6d10	EnumDisplayMonitors
100e6d24	MonitorFromPoint
100e6d38	MonitorFromRect
100e6d48	MonitorFromWindow
100e6d5c	GetSystemMetrics
100e6d70	USER32
100e6d80	DISPLAY
100e6d88	accParent
100e6d9c	accChildCount
100e6db8	accChild
100e6dcc	accName
100e6ddc	accValue
100e6df0	accDescription
100e6e10	accRole
100e6e20	accState
100e6e34	accHelp
100e6e44	accHelpTopic
100e6e60	accKeyboardShortcut
100e6e88	accFocus
100e6e9c	accSelection
100e6eb8	accDefaultAction
100e6edc	accSelect
100e6ef0	accLocation
100e6f08	accNavigate
100e6f20	accHitTest
100e6f38	accDoDefaultAction
100e7164	InitCommonControls
100e7178	HtmlHelpW
100e7184	hhctrl.ocx
100e7294	#32768
100e7580	Afx:%p:%x:%p:%p:%p
100e75a8	Afx:%p:%x
100e75bc	commctrl_DragListMsg
100e75e8	CCmdTarget
100e76ec	CInvalidArgException
100e7704	CNotSupportedException
100e771c	CMemoryException
100e7730	CException
100e7800	COleException
100e7860	CControlBar
100e7874	CFrameWnd
100e791c	ImageList_Draw
100e792c	ImageList_GetImageInfo
100e7ac0	f:\sp\vctools\vc7libs\ship\atlmfc\src\mfc\winfrm.cpp
100e7af8	ToolbarWindow32
100e7b18	ReBarWindow32
100e7fd0	MSWHEEL_ROLLMSG
100e7ff0	ReleaseActCtx
100e8000	KERNEL32
100e8044	comdlg32.dll
100e8070	CBitmap
100e8078	CFont
100e8080	CBrush
100e8090	CGdiObject
100e809c	CPaintDC
100e80a8	CWindowDC
100e80b4	CClientDC
100e80c4	CUserException
100e80d4	CResourceException
100e8238	GDI32.DLL
100e8244	SetLayout
100e8494	CScrollBar
100e84a0	CEdit
100e84a8	CComboBox
100e84b4	CListBox
100e84c0	CButton
100e84c8	CStatic
100e8578	STATIC
100e8588	LISTBOX
100e8598	COMBOBOX
100e85ac	SCROLLBAR
100e85c0	CMenu
100e85fc	CToolTipCtrl
100e876c	tooltips_class32
100e8810	CPropertySheet
100e8820	CPropertyPage
100e8830	AfxClosePending
100e88d0	CreatePropertySheetPageW
100e88ec	DestroyPropertySheetPage
100e8908	PropertySheetW
100e8cc8	CImageList
100e8cd4	CTabCtrl
100e8ce0	CProgressCtrl
100e8cf0	CSpinButtonCtrl
100e8d78	msctls_updown32
100e8d98	msctls_progress32
100e8dbc	SysTabControl32
100e8dec	ImageList_Destroy
100e8e38	f:\sp\vctools\vc7libs\ship\atlmfc\src\mfc\winctrl2.cpp
100e8e80	CWinThread
100e8f28	CSplitterWnd
100e9080	f:\sp\vctools\vc7libs\ship\atlmfc\src\mfc\viewcore.cpp
100e90b8	CObject
100e90c0	Delete
100e90d0	NoRemove
100e90e4	ForceRemove
100e9150	CWinApp
100e9158	Settings
100e916c	PreviewPages
100e9210	Software\Microsoft\Windows\CurrentVersion\Policies\Explorer
100e9288	NoRun
100e9294	NoDrives
100e92a8	RestrictRun
100e92c0	NoNetConnectDisconnect
100e92f0	NoRecentDocsHistory
100e9318	NoClose
100e9328	Software\Microsoft\Windows\CurrentVersion\Policies\Network
100e93a0	NoEntireNetwork
100e93c0	Software\Microsoft\Windows\CurrentVersion\Policies\Comdlg32
100e9438	NoPlacesBar
100e9450	NoBackButton
100e946c	NoFileMru
100e9488	ntdll.dll
100e94a8	Control Panel\Desktop\ResourceLocale
100e94f4	GetSystemDefaultUILanguage
100e9510	GetUserDefaultUILanguage
100e952c	%s%s.dll
100e95fc	f:\sp\vctools\vc7libs\ship\atlmfc\src\mfc\appcore.cpp
100e9634	CArchiveException
100e9680	CFileDialog
100e96a8	GetOpenFileNameW
100e96bc	GetSaveFileNameW
100e9850	Software\
100e98d8	.INI
100e98e4	.HLP
100e98f0	.CHM
100e98fc	NotifyWinEvent
100e990c	user32.dll
100e9924	combobox
100e9938	System
100e9948	f:\sp\vctools\vc7libs\ship\atlmfc\src\mfc\auxdata.cpp
100e9980	CMapPtrToPtr
100e99bc	MFCM80ReleaseManagedReferences
100e99e0	cm80u.dll
100e99f4	CPtrList
100e9a64	CObArray
100e9a80	CDockBar
100e9aa8	CToolBar
100e9ad0	CReBar
100e9af4	CMapStringToPtr
100e9b30	CPtrArray
100e9b70	MS UI Gothic
100e9b8c	KERNEL32.DLL
100e9bf4	software
100e9c58	commdlg_SetRGBColor
100e9c80	commdlg_help
100e9c9c	commdlg_ColorOK
100e9cbc	commdlg_FileNameOK
100e9ce4	commdlg_ShareViolation
100e9d14	commdlg_LBSelChangedNotify
100e9d4c	CFile
100e9dd0	f:\sp\vctools\vc7libs\ship\atlmfc\src\mfc\filecore.cpp
100e9e08	CFileException
100ea3e4	CMemFile
100ea47c	CByteArray
100ea4a8	COleDispatchException
100ea694	RichEdit Text and Objects
100ea6c8	Rich Text Format
100ea6ec	FileNameW
100ea700	FileName
100ea714	Link Source Descriptor
100ea744	Object Descriptor
100ea768	Link Source
100ea780	Embed Source
100ea79c	Embedded Object
100ea7bc	ObjectLink
100ea7d4	OwnerLink
100ea7e8	Native
100ea904	%2\CLSID
100ea91c	%2\Insertable
100ea940	%2\protocol\StdFileEditing\verb\0
100ea990	%2\protocol\StdFileEditing\server
100ea9dc	CLSID\%1
100ea9f4	CLSID\%1\ProgID
100eaa20	CLSID\%1\InprocHandler32
100eaa52	ole32.dll
100eaa68	CLSID\%1\LocalServer32
100eaa9c	CLSID\%1\Verb\0
100eaad0	CLSID\%1\Verb\1
100eab04	CLSID\%1\Insertable
100eab30	CLSID\%1\AuxUserType\2
100eab64	CLSID\%1\AuxUserType\3
100eab98	CLSID\%1\DefaultIcon
100eabd0	CLSID\%1\MiscStatus
100eac00	CLSID\%1\InProcServer32
100eac38	CLSID\%1\DocObject
100eac64	%2\DocObject
100eac84	CLSID\%1\Printable
100eacb0	CLSID\%1\DefaultExtension
100eae80	COleBusyDialog
100eae90	COleDialog
100eb040	Access violation - no RTTI data!
100eb064	Bad dynamic_cast!
100eb090	Unknown exception
100eb0e8	LC_TIME
100eb0f0	LC_NUMERIC
100eb0fc	LC_MONETARY
100eb108	LC_CTYPE
100eb114	LC_COLLATE
100eb120	LC_ALL
100eb210	CorExitProcess
100eb220	mscoree.dll
100eb22c	SetThreadStackGuarantee
100eb244	kernel32.dll
100eb264	bad exception
100eb274	.mixcrt
100eb27c	EncodePointer
100eb28c	DecodePointer
100eb29c	FlsFree
100eb2a4	FlsSetValue
100eb2b0	FlsGetValue
100eb2bc	FlsAlloc
100eb2d0	e+000
100eb2e6	GAIsProcessorFeaturePresent
100eb304	KERNEL32
100eb310	ccs=
100eb31c	UTF-8
100eb328	UTF-16LE
100eb33c	UNICODE
100eb394	runtime error 
100eb3a8	TLOSS error\r\n
100eb3b8	SING error\r\n
100eb3c8	DOMAIN error\r\n
100eb3d8	R6034\r\nAn application has made an attempt to load the C runtime library incorrectly.\nPlease contact the application's support team for more information.\r\n
100eb478	R6033\r\n- Attempt to use MSIL code from this assembly during native code initialization\nThis indicates a bug in your application. It is most likely the result of calling an MSIL-compiled (/clr) function from a native constructor or from DllMain.\r\n
100eb570	R6032\r\n- not enough space for locale information\r\n
100eb5a8	R6031\r\n- Attempt to initialize the CRT more than once.\nThis indicates a bug in your application.\r\n
100eb60c	R6030\r\n- CRT not initialized\r\n
100eb62c	R6028\r\n- unable to initialize heap\r\n
100eb654	R6027\r\n- not enough space for lowio initialization\r\n
100eb68c	R6026\r\n- not enough space for stdio initialization\r\n
100eb6c4	R6025\r\n- pure virtual function call\r\n
100eb6ec	R6024\r\n- not enough space for _onexit/atexit table\r\n
100eb724	R6019\r\n- unable to open console device\r\n
100eb750	R6018\r\n- unexpected heap error\r\n
100eb774	R6017\r\n- unexpected multithread lock error\r\n
100eb7a4	R6016\r\n- not enough space for thread data\r\n
100eb7d0	\r\nThis application has requested the Runtime to terminate it in an unusual way.\nPlease contact the application's support team for more information.\r\n
100eb868	R6009\r\n- not enough space for environment\r\n
100eb894	R6008\r\n- not enough space for arguments\r\n
100eb8c0	R6002\r\n- floating point support not loaded\r\n
100eb8f0	Microsoft Visual C++ Runtime Library
100eb920	<program name unknown>
100eb938	Runtime Error!\n\nProgram: 
100ec160	HH:mm:ss
100ec16c	dddd, MMMM dd, yyyy
100ec180	MM/dd/yy
100ec194	December
100ec1a0	November
100ec1ac	October
100ec1b4	September
100ec1c0	August
100ec1d8	April
100ec1e0	March
100ec1e8	February
100ec1f4	January
100ec22c	Saturday
100ec238	Friday
100ec240	Thursday
100ec24c	Wednesday
100ec258	Tuesday
100ec260	Monday
100ec268	Sunday
100ec28c	united-states
100ec29c	united-kingdom
100ec2ac	trinidad & tobago
100ec2c0	south-korea
100ec2cc	south-africa
100ec2dc	south korea
100ec2e8	south africa
100ec300	puerto-rico
100ec30c	pr-china
100ec318	pr china
100ec328	new-zealand
100ec334	hong-kong
100ec340	holland
100ec348	great britain
100ec358	england
100ec368	china
100ec370	britain
100ec378	america
100ec38c	swiss
100ec394	swedish-finland
100ec3a4	spanish-venezuela
100ec3b8	spanish-uruguay
100ec3c8	spanish-puerto rico
100ec3dc	spanish-peru
100ec3ec	spanish-paraguay
100ec400	spanish-panama
100ec410	spanish-nicaragua
100ec424	spanish-modern
100ec434	spanish-mexican
100ec444	spanish-honduras
100ec458	spanish-guatemala
100ec46c	spanish-el salvador
100ec480	spanish-ecuador
100ec490	spanish-dominican republic
100ec4ac	spanish-costa rica
100ec4c0	spanish-colombia
100ec4d4	spanish-chile
100ec4e4	spanish-bolivia
100ec4f4	spanish-argentina
100ec508	portuguese-brazilian
100ec520	norwegian-nynorsk
100ec534	norwegian-bokmal
100ec548	norwegian
100ec554	italian-swiss
100ec564	irish-english
100ec574	german-swiss
100ec584	german-luxembourg
100ec598	german-lichtenstein
100ec5ac	german-austrian
100ec5bc	french-swiss
100ec5cc	french-luxembourg
100ec5e0	french-canadian
100ec5f0	french-belgian
100ec600	english-usa
100ec60c	english-us
100ec618	english-uk
100ec624	english-trinidad y tobago
100ec640	english-south africa
100ec658	english-nz
100ec664	english-jamaica
100ec674	english-ire
100ec680	english-caribbean
100ec694	english-can
100ec6a0	english-belize
100ec6b0	english-aus
100ec6bc	english-american
100ec6d0	dutch-belgian
100ec6e0	chinese-traditional
100ec6f4	chinese-singapore
100ec708	chinese-simplified
100ec71c	chinese-hongkong
100ec730	chinese
100ec740	canadian
100ec74c	belgian
100ec754	australian
100ec760	american-english
100ec774	american english
100ec788	american
100eca74	Norwegian-Nynorsk
100eca88	(null)
100ecb60	SunMonTueWedThuFriSat
100ecb78	JanFebMarAprMayJunJulAugSepOctNovDec
100ecba0	InitializeCriticalSectionAndSpinCount
100ecbc8	 Complete Object Locator'
100ecbe4	 Class Hierarchy Descriptor'
100ecc04	 Base Class Array'
100ecc18	 Base Class Descriptor at (
100ecc34	 Type Descriptor'
100ecc48	`local static thread guard'
100ecc64	`managed vector copy constructor iterator'
100ecc90	`vector vbase copy constructor iterator'
100eccbc	`vector copy constructor iterator'
100ecce0	`dynamic atexit destructor for '
100ecd04	`dynamic initializer for '
100ecd20	`eh vector vbase copy constructor iterator'
100ecd4c	`eh vector copy constructor iterator'
100ecd74	`managed vector destructor iterator'
100ecd9c	`managed vector constructor iterator'
100ecdc4	`placement delete[] closure'
100ecde4	`placement delete closure'
100ece00	`omni callsig'
100ece10	 delete[]
100ece1c	 new[]
100ece24	`local vftable constructor closure'
100ece48	`local vftable'
100ece58	`RTTI
100ece64	`udt returning'
100ece74	`copy constructor closure'
100ece90	`eh vector vbase constructor iterator'
100eceb8	`eh vector destructor iterator'
100eced8	`eh vector constructor iterator'
100ecefc	`virtual displacement map'
100ecf18	`vector vbase constructor iterator'
100ecf3c	`vector destructor iterator'
100ecf5c	`vector constructor iterator'
100ecf7c	`scalar deleting destructor'
100ecf9c	`default constructor closure'
100ecfbc	`vector deleting destructor'
100ecfdc	`vbase destructor'
100ecff0	`string'
100ecffc	`local static guard'
100ed014	`typeof'
100ed020	`vcall'
100ed028	`vbtable'
100ed034	`vftable'
100ed0bc	operator
100ed0e0	 delete
100ed0f0	__unaligned
100ed0fc	__restrict
100ed108	__ptr64
100ed110	__clrcall
100ed11c	__fastcall
100ed128	__thiscall
100ed134	__stdcall
100ed140	__pascal
100ed14c	__cdecl
100ed154	__based(
100ed2e0	GetProcessWindowStation
100ed2f8	GetUserObjectInformationA
100ed314	GetLastActivePopup
100ed328	GetActiveWindow
100ed338	MessageBoxA
100ed344	USER32.DLL
100ed350	1#QNAN
100ed358	1#INF
100ed360	1#IND
100ed368	1#SNAN
100ed370	CONOUT$
100ed378	_nextafter
100ed3d0	floor
100edbf0	string too long
100edc00	invalid string position
100edc40	OLEACC.dll
100feaba	??1IopPaperPixSize@@UAE@XZ
100fead8	?SetPaperPixSize@IopPaperPixSize@@QAEHK@Z
100feb04	??0IopPaperPixSize@@QAE@XZ
100feb20	IOP.dll
100feb2a	??0FG_MemBuffer@@QAE@XZ
100feb44	??1FG_MemBuffer@@UAE@XZ
100feb5e	??1FG_ScanParam@@QAE@XZ
100feb78	??1FG_CountParam@@QAE@XZ
100feb94	?Create_DispFromPreHSL@FG_Preview@@QAEJPAVFG_MemBuffer@@PBKJ@Z
100febd6	?Set_ScanParam@FG_Preview@@QAEJPAVFG_ScanParam@@@Z
100fec0c	?Init@FG_ScanParam@@QAEXXZ
100fec2a	?Init@FG_CountParam@@QAEXXZ
100fec48	?Load_Image@FG_Preview@@QAEJPB_WJ@Z
100fec6e	?Get_LinePtr@FG_MemBuffer@@QAEJPAXJ@Z
100fec96	?Get_HeaderPtr@FG_MemBuffer@@QAEJPAX@Z
100fecc0	?FG_MemFree@@YAXPAX@Z
100fecd8	?FG_MemAlloc@@YAJPAXJ@Z
100fecf2	?Execute_TestScanner@FG_Scanner@@SAJXZ
100fed1c	?Get_DeviceParam@FG_Scanner@@SAKW4DevParam@@PAXH11@Z
100fed54	?fg_Disp_ErrorMessage@@YAHPAUHWND__@@J@Z
100fed80	??1FG_Preview@@QAE@XZ
100fed98	?Create_ThumbImage@FG_Preview@@QAEJPAPAXPAVFG_ScanParam@@JJJ@Z
100fedda	?Calc_BaseGamma@FG_Preview@@QAEJPAUtagRECT@@J@Z
100fee0c	?Calc_LivePreview@FG_Preview@@QAEJPAVFG_ScanParam@@PAUtagRECT@@@Z
100fee50	?Load@FG_Preview@@QAEJPB_WPAVFG_ScanParam@@PAXJ_N@Z
100fee86	??0FG_Preview@@QAE@XZ
100fee9e	?FG_DIB_Get_LinePtr@@YAPAEPAXJJ@Z
100feec2	?fg_Send_DIBtoApp@@YAJPAX@Z
100feee0	?FG_DIB_Get_PaletteCount@@YAJJ@Z
100fef04	?FG_DIB_Init_Palette@@YAXPAX@Z
100fef26	?FG_DIB_Init_Header@@YAXPAXJJJJ@Z
100fef4a	?Reguler_ColorMatching@@YAJJJJ@Z
100fef6e	?m_Ability@FG_Scanner@@0UT_ScannerAbilityXp@@A
100fefa0	?Tpm_IsAppName@@YAHPBDJ@Z
100fefbc	?Get_DeviceData@FG_Scanner@@SAJW4FG_DeviceData@@PAX11@Z
100feff6	?Get_CurrentCapability@FG_Twain@@QAEJJPAX@Z
100ff024	?FG_Get_UserPreferenceInt@@YAHPB_WPAHH@Z
100ff050	?FG_Set_UserPreferenceInt@@YA_NPB_WH@Z
100ff07a	?Add_RotationTypeOf8@@YAJJJ@Z
100ff09a	?Save@FG_Preview@@QAEJPB_WPAXJ_N@Z
100ff0c0	?Update_BaseImage@FG_Preview@@QAEJPAVFG_ScanParam@@@Z
100ff0f8	?Get_Counter@FG_Twain@@QAEPAVPI_Counter@@XZ
100ff126	?Save_Image@FG_Preview@@QAEJPB_W@Z
100ff14c	?Refrect_CroppedImage@FG_Preview@@QAEJPAVFG_ScanParam@@PAUtagRECT@@JJPB_W_NPAJ4@Z
100ff1a0	?Free@FG_Filter_RACS@@QAEJXZ
100ff1c0	?Reload2@FG_Preview@@QAEJPAVFG_ScanParam@@PAUtagRECT@@JJPAJ@Z
100ff200	?Search_ThumbFrame@FG_Preview@@QAEJPAUFG_ThumbInfo@@JJ@Z
100ff23c	?Load_RawPreview@FG_Preview@@QAEJPB_WJPAUHWND__@@@Z
100ff272	?Get_MultiCrop2@FG_Preview@@QAEJPAUMC_SEARCH_RESULT@@@Z
100ff2ac	?Recover_BaseGammaTable@FG_Preview@@QAEJXZ
100ff2da	?Store_BaseGammaTable@FG_Preview@@QAEJXZ
100ff306	?fg_Get_CalibrationStatus@@YAJPAVFG_ScanParam@@JPAJPAUHWND__@@@Z
100ff34a	?Save_AG@FG_Preview@@QAEJPB_W@Z
100ff36c	?Undo_RotationTypeOf8@@YAXPAVCDRect@@V1@J@Z
100ff39a	?Rotation_RectTypeOf8@@YAXPAVCDRect@@NNJ@Z
100ff3c8	?Update_HistTone@FG_Preview@@QAEJXZ
100ff3ee	?Calc_CuBS@FG_Preview@@QAEJPB_W@Z
100ff412	?Lock_AG@FG_Preview@@QAEJXZ
100ff430	?fg_Check_ImageSource@@YAJPAJ@Z
100ff452	?m_pClient@FG_Scanner@@0PAVSG_Client@@A
100ff47c	?fg_Execute_MultiScan@@YAJPAUHWND__@@PAUFG_MultiScan_Info@@@Z
100ff4bc	?Close@FG_ColorGear@@QAEJXZ
100ff4da	?ColorMatching@FG_ColorGear@@QAEJH@Z
100ff502	?fg_Execute_FullAuto_ADF@@YAJPAUHWND__@@PAUFG_FullAuto_ADF_Info@@@Z
100ff548	?Send_XferReady@FG_Twain@@QAEXXZ
100ff56c	?fg_Execute_MultiFilm@@YAJPAUHWND__@@JHHH0@Z
100ff59c	?Set_CurrentCapability@FG_Twain@@QAEJJPAX@Z
100ff5ca	?Get_FilmPreviewMode@@YAHHH@Z
100ff5ea	?Set_CurrentCapability@FG_Twain@@QAEJJJ@Z
100ff616	?Get_DIB_Handle@FG_MemBuffer@@QAEJPAPAX@Z
100ff642	?Read@FG_Thumb@@QAEJPAVFG_Preview@@J@Z
100ff66c	?Calc_ToneCurveFromBCG@FG_Adjust@@SAHPAEKKN@Z
100ff69c	?Calc_FinalToneCurve@FG_Adjust@@SAJPAEPAUFG_TonePar@@@Z
100ff6d6	?Calc_HighlightShadowCurve@FG_Adjust@@SAHPAEKKKPAKJ@Z
100ff70e	?Get_Histogram@FG_Preview@@QAEJPAUtagRECT@@PAK1111@Z
100ff746	?Get_DefaultCapability@FG_Twain@@QAEJJPAX@Z
100ff774	?RectOnRect@CDRect@@QAE_NAAV1@@Z
100ff798	?Calc_MultiCrop2_BaseGamma@FG_Preview@@QAEJPAUMC_PICTURE_INFO@@@Z
100ff7dc	?Rotation_RectTypeOf8@@YAXPAUtagRECT@@JJJ@Z
100ff80a	?Recover_BackImage@FG_Preview@@QAEJPAUtagRECT@@@Z
100ff83e	??1FG_ColorGear@@QAE@XZ
100ff858	?GetColorGearList@FG_ColorGear@@QAEJPAX@Z
100ff884	?ColorGearList@FG_ColorGear@@QAEJPAK0H@Z
100ff8b0	??0FG_ColorGear@@QAE@XZ
100ff8ca	?fg_DoCalibration@@YAJJPAUHWND__@@PAPAXH@Z
100ff8f8	?Get_AutomaticCropArea@@YAJPAVCDRect@@JJKJ@Z
100ff928	?Unlock_AG@FG_Preview@@QAEJXZ
100ff948	?Send_CloseUIRequest@FG_Twain@@QAEXXZ
100ff970	?Set_TPUMode@FG_Preview@@QAEJPAVFG_ScanParam@@@Z
100ff9a4	?Filter_RACS@FG_Adjust@@2PAVFG_Filter_RACS@@A
100ff9d4	?Clear@FG_Preview@@QAEJJ@Z
100ff9f2	?Get_AutoCrop@FG_Preview@@QAEJPAUtagRECT@@@Z
100ffa22	??1FG_Thumb@@QAE@XZ
100ffa38	??0FG_Thumb@@QAE@XZ
100ffa4e	?Get_Color2@FG_Preview@@QAEJJJPAK0H@Z
100ffa76	?Load_2ndGamma@FG_Preview@@QAEJPB_W@Z
100ffa9e	?FgRiff_Set@@YAJPB_WPBDPAXJ@Z
100ffabe	?Update_ScanParam@FG_Thumb@@QAEJPAVFG_ScanParam@@J@Z
100ffaf6	??1FG_File@@QAE@XZ
100ffb0c	?Close@FG_File@@QAEJXZ
100ffb26	?FgRiff_Set@@YAJPAVFG_File@@PBDPAXJ@Z
100ffb4e	?Create@FG_File@@QAEJPB_W@Z
100ffb6c	?Open@FG_File@@QAEJPB_W@Z
100ffb88	?Load_AG@FG_Preview@@QAEJPB_W@Z
100ffbaa	?Init_MultiMarquee@FG_Preview@@QAEJPAVFG_ScanParam@@J@Z
100ffbe4	?End_MultiMarquee@FG_Preview@@QAEJXZ
100ffc0c	?Create_CropeedDispImage@FG_Preview@@QAEJPAVFG_ScanParam@@@Z
100ffc4c	?Calc_BaseGamma@FG_Preview@@QAEJPAVFG_ScanParam@@PAUtagRECT@@@Z
100ffc8e	?TranslatePxelTypeToBppAndClass@FG_Twain@@QAEJKPAK0@Z
100ffcc6	?Has_CapabilityChanged@FG_Twain@@QAE_NJ@Z
100ffcf2	?Load@FG_Thumb@@QAEJPB_WPAXJ@Z
100ffd14	?Save@FG_Thumb@@QAEJPB_WPAXJ@Z
100ffd36	?Set_LampOffTime@FG_Scanner@@QAEJJ@Z
100ffd5e	?Write@FG_File@@QAEJPAXI@Z
100ffd7c	?Read@FG_File@@QAEJPAXI@Z
100ffd98	?Save_2ndGamma@FG_Preview@@QAEJPB_W@Z
100ffdc0	?Check_CropIsEnabled@FG_Preview@@QAE_NPAUtagRECT@@@Z
100ffdf8	?Get_STADStatus@FG_Preview@@QAEHXZ
100ffe1e	?Get_CropRect@FG_Preview@@QAE?AUtagRECT@@XZ
100ffe4c	?get_gammatbl@FG_Filter_RACS@@QAEPAXXZ
100ffe76	?Reset_BaseGamma@FG_Preview@@QAEJJ@Z
100ffe9e	?fg_Set_ScanInfo@@YAJPAUHWND__@@PAVFG_ScanParam@@JJ@Z
100ffed6	??0FG_ScanParam@@QAE@XZ
100ffef0	?m_nProductID@FG_Scanner@@0KA
100fff10	?Close@FG_Thumb@@QAEJJ@Z
100fff2c	?ChangeThumbnailOutputSize@FG_Thumb@@QAEXPAUFG_ThumbInfo@@J@Z
100fff6c	?Open@FG_Thumb@@QAEJPAUHWND__@@PAUFG_ThumbInfo@@JJPB_WJ_N@Z
100fffaa	?Get_FrameSize@FG_Preview@@QAEJPAVCDRect@@PAJ1J@Z
100fffde	?End@FG_Preview@@QAEJXZ
100ffff8	?Read@FG_Preview@@QAEJPAJ@Z
10100016	?Start@FG_Preview@@QAEJPAUHWND__@@PAVFG_ScanParam@@J@Z
10100050	?Init_ToneParam@FG_ScanParam@@QAEXXZ
10100078	?Save_RawPreview@FG_Preview@@QAEJPB_W@Z
101000a2	?Reset_LivePreview@FG_Preview@@QAEJXZ
101000ca	??0CDRect@@QAE@XZ
101000de	?FgRiff_Get@@YAJPB_WPBDPAXJ@Z
101000fe	?get_buffer@FG_Filter_RACS@@QAEPAXXZ
10100126	??1FG_Zoom@@UAE@XZ
1010013c	?Close@FG_Zoom@@QAEJXZ
10100156	?Read@FG_Zoom@@QAEJPAXPAJ@Z
10100174	?Send@FG_Zoom@@QAEJPAXPAJ@Z
10100192	?Convert_Bpp@FG_Adjust@@SAJPAXJ0JJK@Z
101001ba	?Open@FG_Zoom@@QAEJJJJJJ@Z
101001d8	??0FG_Zoom@@QAE@XZ
101001ec	TPM.dll
101001f6	SizeofResource
10100208	LockResource
10100218	LoadResource
10100228	FindResourceW
10100238	CloseHandle
10100246	GetExitCodeThread
1010025a	WaitForSingleObject
10100270	MultiByteToWideChar
10100286	lstrcpyW
10100292	GlobalFree
101002a0	GlobalUnlock
101002b0	GlobalLock
101002be	GlobalAlloc
101002cc	lstrcmpiW
101002d8	GetSystemDefaultLCID
101002f0	GetModuleHandleA
10100304	GetModuleHandleW
10100318	GetProcAddress
1010032a	GetFileAttributesW
10100340	GetVersion
1010034e	LoadLibraryW
1010035e	GetLastError
1010036e	SetLastError
1010037e	GetModuleFileNameW
10100394	OutputDebugStringA
101003aa	lstrlenW
101003b6	Sleep
101003be	lstrcatW
101003ca	GetTickCount
101003da	OpenEventW
101003e8	CreateEventW
101003f8	SetEvent
10100404	LoadLibraryA
10100414	FreeLibrary
10100422	GetVersionExW
10100432	lstrcmpW
1010043e	DeleteFileW
1010044c	ResetEvent
1010045a	GetDriveTypeW
1010046a	GetTempFileNameW
1010047e	GetWindowsDirectoryW
10100496	LocalFree
101004a2	FormatMessageW
101004b4	GetDiskFreeSpaceExW
101004ca	MoveFileW
101004d6	GetCurrentProcess
101004ea	GetLocaleInfoW
101004fc	GetLocaleInfoA
1010050e	GetTempPathW
1010051e	CopyFileW
1010052a	FindClose
10100536	FindFirstFileW
10100548	FreeResource
10100558	CreateDirectoryW
1010056c	GetVolumeInformationW
10100584	GetSystemDefaultLangID
1010059e	GetUserDefaultLangID
101005b6	GetPrivateProfileStringW
101005d2	GlobalReAlloc
101005e2	CreateFileW
101005f0	WritePrivateProfileStringW
1010060e	DeleteCriticalSection
10100626	LeaveCriticalSection
1010063e	EnterCriticalSection
10100656	UnmapViewOfFile
10100668	MapViewOfFile
10100678	OpenFileMappingW
1010068c	InitializeCriticalSection
101006a8	WideCharToMultiByte
101006be	GetVersionExA
101006ce	CompareStringW
101006e0	GlobalDeleteAtom
101006f4	GlobalFindAtomW
10100706	GlobalAddAtomW
10100718	GetCurrentThreadId
1010072e	MulDiv
10100738	GlobalGetAtomNameW
1010074e	GetCurrentProcessId
10100764	InterlockedDecrement
1010077c	VirtualProtect
1010078e	InterlockedExchange
101007a4	CompareStringA
101007b6	lstrcmpA
101007c2	EnumResourceLanguagesW
101007dc	ConvertDefaultLocale
101007f4	GetCurrentThread
10100808	lstrlenA
10100814	FileTimeToSystemTime
1010082c	FileTimeToLocalFileTime
10100846	GetFileSize
10100854	GetFileTime
10100862	LocalAlloc
10100870	TlsGetValue
1010087e	GlobalHandle
1010088e	TlsAlloc
1010089a	TlsSetValue
101008a8	LocalReAlloc
101008b8	TlsFree
101008c2	SetErrorMode
101008d2	GlobalFlags
101008e0	InterlockedIncrement
101008f8	GetThreadLocale
1010090a	FindResourceExW
1010091c	GetFullPathNameW
10100930	ReadFile
1010093c	WriteFile
10100948	SetFilePointer
1010095a	FlushFileBuffers
1010096e	LockFile
1010097a	UnlockFile
10100988	SetEndOfFile
10100998	DuplicateHandle
101009aa	RtlUnwind
101009b6	ExitThread
101009c4	CreateThread
101009d4	TerminateProcess
101009e8	UnhandledExceptionFilter
10100a04	SetUnhandledExceptionFilter
10100a22	IsDebuggerPresent
10100a36	RaiseException
10100a48	HeapFree
10100a54	HeapAlloc
10100a60	GetCommandLineA
10100a72	GetProcessHeap
10100a84	GetSystemTimeAsFileTime
10100a9e	HeapReAlloc
10100aac	ExitProcess
10100aba	HeapSize
10100ac6	VirtualAlloc
10100ad6	GetSystemInfo
10100ae6	VirtualQuery
10100af6	GetCPInfo
10100b02	GetACP
10100b0c	GetOEMCP
10100b18	IsValidCodePage
10100b2a	GetConsoleCP
10100b3a	GetConsoleMode
10100b4c	HeapDestroy
10100b5a	HeapCreate
10100b68	VirtualFree
10100b76	GetStdHandle
10100b86	GetModuleFileNameA
10100b9c	GetUserDefaultLCID
10100bb2	EnumSystemLocalesA
10100bc8	IsValidLocale
10100bd8	GetStringTypeA
10100bea	GetStringTypeW
10100bfc	SetHandleCount
10100c0e	GetFileType
10100c1c	GetStartupInfoA
10100c2e	FreeEnvironmentStringsA
10100c48	GetEnvironmentStrings
10100c60	FreeEnvironmentStringsW
10100c7a	GetEnvironmentStringsW
10100c94	QueryPerformanceCounter
10100cae	GetTimeZoneInformation
10100cc8	LCMapStringA
10100cd8	LCMapStringW
10100ce8	SetStdHandle
10100cf8	WriteConsoleA
10100d08	GetConsoleOutputCP
10100d1e	WriteConsoleW
10100d2e	CreateFileA
10100d3c	SetEnvironmentVariableA
10100d54	KERNEL32.dll
10100d64	EnableWindow
10100d74	GetFocus
10100d80	BringWindowToTop
10100d94	LoadIconW
10100da0	ReleaseDC
10100dac	GetDC
10100db4	PtInRect
10100dc0	SetRect
10100dca	InflateRect
10100dd8	FillRect
10100de4	GetClientRect
10100df4	InvalidateRect
10100e06	GetParent
10100e12	DeferWindowPos
10100e24	GetSysColor
10100e32	LoadBitmapW
10100e40	SendMessageW
10100e50	ScreenToClient
10100e62	UpdateWindow
10100e72	GetCapture
10100e80	SetCapture
10100e8e	LoadCursorW
10100e9c	IsWindow
10100ea8	ReleaseCapture
10100eba	SetCursor
10100ec6	GetCursorPos
10100ed6	GetWindowRect
10100ee6	IsWindowVisible
10100ef8	SetWindowPos
10100f08	GetSystemMetrics
10100f1c	OffsetRect
10100f2a	DrawIcon
10100f36	MoveWindow
10100f44	MapWindowPoints
10100f56	DrawTextW
10100f62	GetDlgItem
10100f70	EnableMenuItem
10100f82	GetSystemMenu
10100f92	DispatchMessageW
10100fa6	TranslateMessage
10100fba	PeekMessageW
10100fca	GetSysColorBrush
10100fde	GetWindowLongW
10100ff0	GetDlgCtrlID
10101000	SetRectEmpty
10101010	PostMessageW
10101020	SendDlgItemMessageW
10101036	SetDlgItemTextW
10101048	GetClassNameW
10101058	GetWindow
10101064	GetScrollPos
10101074	SetScrollPos
10101084	ShowScrollBar
10101094	ShowWindow
101010a2	EnumChildWindows
101010b6	IsRectEmpty
101010c4	LoadImageW
101010d2	WindowFromPoint
101010e4	CopyRect
101010f0	IsWindowEnabled
10101102	DrawTextExW
10101110	DestroyWindow
10101120	SetWindowLongW
10101132	IsDialogMessageW
10101146	SetWindowTextW
10101158	wsprintfW
10101164	DefWindowProcW
10101176	RegisterClassW
10101188	CreateWindowExW
1010119a	CreateDialogParamW
101011b0	SetTimer
101011bc	EndPaint
101011c8	BeginPaint
101011d6	SetFocus
101011e2	ClientToScreen
101011f4	AppendMenuW
10101202	IsIconic
1010120e	RedrawWindow
1010121e	GetClassInfoW
1010122e	IsZoomed
1010123a	GetNextDlgTabItem
1010124e	GetAsyncKeyState
10101262	TranslateAcceleratorW
1010127a	LoadAcceleratorsW
1010128e	SetCursorPos
1010129e	IntersectRect
101012ae	GetUpdateRect
101012be	KillTimer
101012ca	SetLayeredWindowAttributes
101012e8	AdjustWindowRectEx
101012fe	GetDoubleClickTime
10101314	DrawFocusRect
10101324	DrawFrameControl
10101338	DrawEdge
10101344	ValidateRect
10101354	EndDialog
10101360	IsDlgButtonChecked
10101376	EqualRect
10101382	DestroyMenu
10101390	TrackPopupMenu
101013a2	InsertMenuW
101013b0	CreatePopupMenu
101013c2	SystemParametersInfoW
101013da	DrawStateW
101013e8	FrameRect
101013f4	GetWindowDC
10101402	TrackMouseEvent
10101414	GetWindowTextW
10101426	SetForegroundWindow
1010143c	GetDesktopWindow
10101450	GetComboBoxInfo
10101462	DialogBoxParamW
10101474	GetMessageW
10101482	LoadStringW
10101490	MessageBoxExW
101014a0	GetDialogBaseUnits
101014b6	CreateDialogIndirectParamW
101014d4	SetActiveWindow
101014e6	GetActiveWindow
101014f8	GetWindowPlacement
1010150e	SystemParametersInfoA
10101526	CallWindowProcW
10101538	SetScrollInfo
10101548	GetScrollInfo
10101558	GetClassInfoExW
1010156a	MessageBoxW
10101578	GetMenuItemCount
1010158c	GetMenuItemID
1010159c	GetSubMenu
101015aa	GetMenu
101015b4	GetScrollRange
101015c6	GetKeyState
101015d4	ScrollWindow
101015e4	GetMessagePos
101015f4	GetMessageTime
10101606	UnhookWindowsHookEx
1010161c	GetTopWindow
1010162c	EndDeferWindowPos
10101640	BeginDeferWindowPos
10101656	GetLastActivePopup
1010166c	GetForegroundWindow
10101682	GetWindowTextLengthW
1010169a	RemovePropW
101016a8	GetPropW
101016b4	SetPropW
101016c0	GetClassLongW
101016d0	CallNextHookEx
101016e2	SetWindowsHookExW
101016f6	IsChild
10101700	WinHelpW
1010170c	SendDlgItemMessageA
10101722	RegisterWindowMessageW
1010173c	CheckMenuItem
1010174c	GetMenuState
1010175c	ModifyMenuW
1010176a	GetMenuCheckMarkDimensions
10101788	SetMenuItemBitmaps
1010179e	CheckDlgButton
101017b0	CheckRadioButton
101017c4	GetDlgItemTextW
101017d6	SetDlgItemInt
101017e6	SetMenu
101017f0	InsertMenuItemW
10101802	GetWindowThreadProcessId
1010181e	LoadMenuW
1010182a	ReuseDDElParam
1010183c	UnpackDDElParam
1010184e	TabbedTextOutW
10101860	GrayStringW
1010186e	GetMenuItemInfoW
10101882	MapDialogRect
10101892	PostQuitMessage
101018a4	ShowOwnedPopups
101018b6	SetWindowContextHelpId
101018d0	UnregisterClassW
101018e4	CharUpperW
101018f2	CharNextW
101018fe	CopyAcceleratorTableW
10101916	InvalidateRgn
10101926	GetNextDlgGroupItem
1010193c	MessageBeep
1010194a	RegisterClipboardFormatW
10101966	PostThreadMessageW
1010197a	USER32.dll
10101988	GetDeviceCaps
10101998	CreatePen
101019a4	CreateSolidBrush
101019b8	CreateCompatibleBitmap
101019d2	GetObjectW
101019e0	CreateCompatibleDC
101019f6	Rectangle
10101a02	RoundRect
10101a0e	BitBlt
10101a18	DeleteObject
10101a28	PatBlt
10101a32	SetPixel
10101a3e	SelectObject
10101a4e	CreateFontIndirectW
10101a64	TextOutW
10101a70	GetTextExtentPoint32W
10101a88	DeleteDC
10101a94	SetBkMode
10101aa0	CreateDIBSection
10101ab4	SetLayout
10101ac0	GetTextMetricsW
10101ad2	LineTo
10101adc	MoveToEx
10101ae8	SetWindowOrgEx
10101b00	GetPixel
10101b0c	SetTextColor
10101b1c	CreatePatternBrush
10101b32	SetBrushOrgEx
10101b42	ExcludeClipRect
10101b54	CreateBitmap
10101b64	SetBkColor
10101b72	StretchBlt
10101b80	SetStretchBltMode
10101b94	SetDIBits
10101ba0	GetDIBits
10101bac	SetDIBitsToDevice
10101bc0	CreateDIBitmap
10101bd2	RealizePalette
10101be4	GetClipBox
10101bf2	SaveDC
10101bfc	RestoreDC
10101c08	SetROP2
10101c12	SetMapMode
10101c20	GetViewportExtEx
10101c34	GetWindowExtEx
10101c46	PtVisible
10101c52	RectVisible
10101c60	ExtTextOutW
10101c6e	Escape
10101c78	SetViewportOrgEx
10101c8c	OffsetViewportOrgEx
10101ca2	SetViewportExtEx
10101cb6	ScaleViewportExtEx
10101ccc	SetWindowExtEx
10101cde	ScaleWindowExtEx
10101cf2	ExtSelectClipRgn
10101d06	GetStockObject
10101d18	CreateRectRgnIndirect
10101d30	GetMapMode
10101d3e	EnumFontFamiliesExW
10101d54	GetBkColor
10101d62	GetTextColor
10101d72	GetRgnBox
10101d7c	GDI32.dll
10101d88	TransparentBlt
10101d9a	AlphaBlend
10101da6	MSIMG32.dll
10101db4	GetFileTitleW
10101dc2	COMDLG32.dll
10101dd2	ClosePrinter
10101de2	DocumentPropertiesW
10101df8	OpenPrinterW
10101e06	WINSPOOL.DRV
10101e16	RegCloseKey
10101e24	RegSetValueExW
10101e36	RegOpenKeyExW
10101e46	RegQueryValueExW
10101e5a	RegCreateKeyExW
10101e6c	RegDeleteValueW
10101e7e	RegEnumValueW
10101e8e	RegFlushKey
10101e9c	RegOpenKeyW
10101eaa	RegDeleteKeyW
10101eba	RegEnumKeyW
10101ec8	RegQueryValueW
10101ed8	ADVAPI32.dll
10101ee8	ShellExecuteW
10101ef8	SHGetSpecialFolderPathW
10101f12	SHGetPathFromIDListW
10101f2a	SHGetMalloc
10101f38	SHBrowseForFolderW
10101f4e	DragFinish
10101f5c	DragQueryFileW
10101f6c	SHELL32.dll
10101f7a	PathAddBackslashW
10101f8e	PathRemoveBackslashW
10101fa6	PathFindExtensionW
10101fbc	PathFindFileNameW
10101fd0	PathStripToRootW
10101fe4	PathIsUNCW
10101ff0	SHLWAPI.dll
10101ffe	OleUIBusyW
1010200a	oledlg.dll
10102018	CoTaskMemFree
10102028	CoTaskMemAlloc
1010203a	CLSIDFromProgID
1010204c	CLSIDFromString
1010205e	CoGetClassObject
10102072	StgOpenStorageOnILockBytes
10102090	StgCreateDocfileOnILockBytes
101020b0	CreateILockBytesOnHGlobal
101020cc	OleUninitialize
101020de	CoFreeUnusedLibraries
101020f6	OleInitialize
10102106	CoRevokeClassObject
1010211c	OleIsCurrentClipboard
10102134	OleFlushClipboard
10102148	CoRegisterMessageFilter
10102160	ole32.dll
1010216a	OLEAUT32.dll
1010217a	MCIWndCreateW
1010218a	DrawDibDraw
10102198	DrawDibBegin
101021a8	DrawDibClose
101021b8	DrawDibOpen
101021c4	MSVFW32.dll
101021d2	mciSendCommandW
101021e2	WINMM.dll
101021ee	UnregisterClassA
1010223c	SGUI.dll
10102245	ProgressEntry
10102253	UiEntry
101030f4	.?AVCAboutDlg@@
1010310c	.?AVCDialog@@
10103124	.?AVCWnd@@
10103138	.?AVCCmdTarget@@
10103154	.?AVCObject@@
1010325c	.?AVCColorSampleMainFrame@@
10103280	.?AVCFrameWnd@@
10103298	.PAVCException@@
101033a4	.?AVCGdiObject@@
101033c0	.?AVCPen@@
101033d4	.?AVCBrush@@
101033ec	.?AVCBitmap@@
10103404	.?AVCColorSampleView@@
10103514	.?AVCButton@@
1010352c	.?AVCCtrlColCheck@@
10103634	.?AVCCurveEditWnd@@
1010373c	.?AVCDlgAskAutoClose@@
1010384c	.?AVCDlgAskTemplate@@
1010395c	.?AVCStatic@@
10103974	.?AVCEdit@@
10103988	.?AVCDlgDiagnostic@@
10103aac	.?AVCListBox@@
10103ac4	.?AVCDlgFavoriteSetting@@
10103bec	.?AVCDlgFavoriteToneAdjSetting@@
10103d04	.?AVCDlgIndexScan@@
10103d20	.PAVCMemoryException@@
10103d40	.?AVCFont@@
101053a0	.?AVCScrollBar@@
101053bc	.?AVCDlgInformation@@
101054cc	.?AVCDlgMessage@@
101055e4	.?AVCDlgOpenSideSetting@@
1010571c	.?AVCDlgOutputSettings@@
1010582c	.?AVCDlgPreference@@
1010584c	.?AVCPropertySheet@@
1010595c	.?AVCProgressCtrl@@
10105978	.?AVCDlgProgress@@
10105a84	.?AVCDlgScanResult@@
10105b94	frame
10105fe4	frame
10106f04	.?AVFG_Progress@@
10107014	.?AVCMainBase@@
1010702c	.?AVCView@@
1010712c	.?AVCMainFrame@@
10107244	.?AVCTabCtrl@@
1010725c	.?AVCMainSheet@@
101078e8	.?AVCMainTool@@
10107a0c	.?AV?$CList@UFG_FrameInfo@@AAU1@@@
10107a38	.?AVCMainView2@@
10107b44	.?AVCMyButton@@
10107c4c	.?AVbad_alloc@std@@
10107c68	.?AVexception@std@@
10107c84	.?AVCMyComboBox@@
10107ca0	.?AVCComboBox@@
10107cb8	.?AVlogic_error@std@@
10107cd8	.?AVlength_error@std@@
10107de4	.?AVCMyDrawTheme@@
10107eec	.?AVCMyEdit@@
101081d8	.?AVCPageColorSample@@
10108934	.?AVCSpinButtonCtrl@@
10108954	.?AVCPageMain2@@
10108970	.?AVCPropertyPage@@
10108bb4	.?AVCPageMain2_Sub@@
10108cc4	.?AVCPageMain2_SubFrame@@
10108dec	.?AVCPageMultiScan@@
101091a8	.?AVCPageSimple2@@
10109340	.?AVCPageThumbWizard@@
10109474	.?AVCPageToneBC@@
101095b4	.?AVCPageToneCB@@
101096cc	.?AVCPageToneCV@@
101097e4	.?AVCPageToneFH@@
10109914	.?AVCHistogramControls@@
10109938	.?AVCPageToneHS@@
10109a5c	.?AVCPageToneTH@@
10109b74	.?AVCPicWnd@@
10109cac	.?AVCPrefColorSetting@@
10109de4	.?AVCPrefPreview@@
10109f34	.?AVCPrefScan@@
1010a06c	.?AVCPrefScanner@@
1010a090	.?AVCSGButton@@
1010a284	.?AVCShieldWnd@@
1010c528	.?AV?$CMap@PAXPAXHH@@
1010c548	.?AVCTheApp@@
1010c560	.?AVCWinApp@@
1010c578	.?AVCWinThread@@
1010c684	.?AVUI_Progress@@
1010c78c	.?AVCGammaWnd@@
1010c7a4	.?AVCMyToneSliderCtrl@@
1010c800	.?AVAssociation@@
1010c81c	.?AVAssociationSet@@
1010c8dc	.?AVXAccessible@CWnd@@
1010c8fc	.?AVXAccessibleServer@CWnd@@
1010c924	.?AVCTestCmdUI@@
1010c940	.?AVCCmdUI@@
1010c958	.?AV_AFX_HTMLHELP_STATE@@
1010c97c	.?AVCNoTrackObject@@
1010c99c	.PAVCUserException@@
1010c9c0	.?AV?$IAccessibleProxyImpl@VCAccessibleProxy@ATL@@@ATL@@
1010ca04	.?AUIAccessible@@
1010ca20	.?AUIDispatch@@
1010ca38	.?AUIUnknown@@
1010ca50	.?AUIAccessibleProxy@@
1010ca70	.?AV?$CMFCComObject@VCAccessibleProxy@ATL@@@@
1010caa8	.?AVCAccessibleProxy@ATL@@
1010cad0	.?AV?$CComObjectRootEx@VCComSingleThreadModel@ATL@@@ATL@@
1010cb14	.?AVCComObjectRootBase@ATL@@
1010cb3c	.?AUIOleWindow@@
1010cb64	.PAVCSimpleException@@
1010cb84	.PAVCObject@@
1010cb9c	.PAX
1010cbac	.PAVCNotSupportedException@@
1010cbd4	.PAVCInvalidArgException@@
1010cbf8	.?AVCMemoryException@@
1010cc18	.?AVCSimpleException@@
1010cc38	.?AVCException@@
1010cc54	.?AVCNotSupportedException@@
1010cc7c	.?AVCInvalidArgException@@
1010cfe8	.?AVCOleException@@
1010d004	.PAVCOleException@@
1010d020	.?AVCAfxStringMgr@@
1010d03c	.?AUIAtlStringMgr@ATL@@
1010d05c	.?AV?$CTypedPtrArray@VCObArray@@PAVCBitmap@@@@
1010d094	.?AVCObArray@@
1010d0ac	.?AVCMenu@@
1010d0c0	.?AV?$CArray@PAUHWND__@@PAU1@@@
1010d0e8	.?AV?$CList@PAUHWND__@@PAU1@@@
1010d120	.?AV_AFX_THREAD_STATE@@
1010d140	.?AVAFX_MODULE_THREAD_STATE@@
1010d168	.?AVAFX_MODULE_STATE@@
1010d188	.?AVCDllIsolationWrapperBase@@
1010d1b0	.?AVCComCtlWrapper@@
1010d1d0	.?AVCCommDlgWrapper@@
1010d1f0	.?AV_AFX_BASE_MODULE_STATE@@
1010d218	.PAVCResourceException@@
1010d23c	.?AVCResourceException@@
1010d260	.?AVCUserException@@
1010d280	.?AVCDC@@
1010d294	.?AVCClientDC@@
1010d2ac	.?AVCWindowDC@@
1010d2c4	.?AVCPaintDC@@
1010d2dc	.?AVCChevronOwnerDrawMenu@@
1010d300	.?AVCToolTipCtrl@@
1010d330	.?AVCImageList@@
1010d34c	.?AVCRgn@@
1010d3ec	.?AVCArchiveException@@
1010d40c	.PAVCArchiveException@@
1010d42c	.?AVCFileDialog@@
1010d448	.?AVCCommonDialog@@
1010d464	.?AVIControlSiteFactory@@
1010d488	.?AV?$CList@PAVIControlSiteFactory@@PAV1@@@
1010d4bc	.?AVCOleControlSiteFactory@@
1010d4e4	.?AVCControlSiteFactoryMgr@@
1010d50c	.?AVCOccManager@@
1010d528	.?AUCThreadData@@
1010d544	.?AVCHandleMap@@
1010d560	.?AVCMapPtrToPtr@@
1010d57c	.?AVCPtrList@@
1010d594	.?AVCFixedStringMgr@ATL@@
1010d5b8	.?AV?$CFixedStringT@V?$CStringT@_WV?$StrTraitMFC@_WV?$ChTraitsCRT@_W@ATL@@@@@ATL@@$0BAA@@ATL@@
1010d620	.?AV?$CStringT@_WV?$StrTraitMFC@_WV?$ChTraitsCRT@_W@ATL@@@@@ATL@@
1010d66c	.?AV?$CSimpleStringT@_W$0A@@ATL@@
1010d6bc	.?AVCMapStringToPtr@@
1010d6dc	.?AVCPtrArray@@
1010d6f4	.?AU_AFX_PROPPAGEFONTINFO@@
1010d718	.?AVCArchiveStream@@
1010d738	.?AUIStream@@
1010d750	.?AUISequentialStream@@
1010d770	.?AVCFile@@
1010d784	.?AVCFileException@@
1010d7a4	.PAVCFileException@@
1010d7cc	.?AVCEnumUnknown@@
1010d7e8	.?AVCEnumArray@@
1010d808	.?AV?$_CTypedPtrList@VCPtrList@@PAUCOleControlSiteOrWnd@@@@
1010d850	.?AV?$CTypedPtrList@VCPtrList@@PAUCOleControlSiteOrWnd@@@@
1010d894	.?AVCOleControlContainer@@
1010d8b8	.?AVXOleContainer@COleControlContainer@@
1010d8ec	.?AUIOleContainer@@
1010d908	.?AUIParseDisplayName@@
1010d928	.?AVXOleIPFrame@COleControlContainer@@
1010d958	.?AUIOleInPlaceFrame@@
1010d978	.?AUIOleInPlaceUIWindow@@
1010d99c	.?AVCDataSourceControl@@
1010d9c0	.?AUINotifyDBEvents@@
1010d9e0	.?AVXOleClientSite@COleControlSite@@
1010da10	.?AUIOleClientSite@@
1010da30	.?AVXOleControlSite@COleControlSite@@
1010da60	.?AUIOleControlSite@@
1010da80	.?AVXAmbientProps@COleControlSite@@
1010daac	.?AVXPropertyNotifySink@COleControlSite@@
1010dae0	.?AUIPropertyNotifySink@@
1010db04	.?AVXEventSink@COleControlSite@@
1010db30	.?AVXBoundObjectSite@COleControlSite@@
1010db60	.?AUIBoundObjectSite@@
1010db80	.?AVXNotifyDBEvents@COleControlSite@@
1010dbb0	.?AVXRowsetNotify@COleControlSite@@
1010dbdc	.?AUIRowsetNotify@@
1010dbf8	.?AVXOleIPSite@COleControlSite@@
1010dc24	.?AUIOleInPlaceSiteWindowless@@
1010dc4c	.?AUIOleInPlaceSiteEx@@
1010dc6c	.?AUIOleInPlaceSite@@
1010dc8c	.?AVCOleControlSite@@
1010dcac	.?AVCMemFile@@
1010dce0	.?AVCByteArray@@
1010dcfc	.?AV?$CArray@W4LoadArrayObjType@CArchive@@ABW412@@@
1010dd38	.?AV?$CArray@VCVariantBoolPair@@ABV1@@@
1010dd68	.?AVCOleDispatchException@@
1010dd8c	.PAVCOleDispatchException@@
1010ddb0	.?AVXEnumVOID@CEnumArray@@
1010ddd4	.?AUIEnumVOID@@
1010ddf0	.?AVCOleMessageFilter@@
1010de10	.?AVXMessageFilter@COleMessageFilter@@
1010de40	.?AUIMessageFilter@@
1010de58	Apartment
1010de8c	.?AV_AFX_OLE_STATE@@
1010deac	.?AVCOleBusyDialog@@
1010decc	.?AVCOleDialog@@
1010deec	.?AVtype_info@@
1010df1c	.?AVbad_typeid@std@@
1010df3c	.?AV__non_rtti_object@std@@
1010df60	.?AVbad_cast@std@@
1010e14c	.?AVbad_exception@std@@
1010e356	abcdefghijklmnopqrstuvwxyz
1010e376	ABCDEFGHIJKLMNOPQRSTUVWXYZ
1010e561	abcdefghijklmnopqrstuvwxyz
1010e581	ABCDEFGHIJKLMNOPQRSTUVWXYZ
1010f48c	.?AVout_of_range@std@@
1073eed4	Dialog
1073efbc	Dialog
1073eff6	名前を付けて保存
1073f008	すべてのファイル (*.*)
1073f030	無題のファイル
1073f056	非表示(&H)
1073f084	エラー メッセージはありません。
1073f0a6	サポートされていない操作を実行しました。
1073f0d0	必要なリソースを利用できませんでした。
1073f0f8	メモリが不足しています。
1073f112	不明なエラーが発生しました。
1073f130	無効な引数が発生しました。
1073f160	無効なファイル名です。
1073f178	ドキュメントを開くことに失敗しました。
1073f1a0	ドキュメントの保存に失敗しました。
1073f1c4	%1 への変更を保存しますか?
1073f1e4	空のドキュメントの作成に失敗しました。
1073f20c	ファイルが大きすぎて開けません。
1073f22e	印刷ジョブを開始できませんでした。
1073f252	ヘルプの起動に失敗しました。
1073f270	アプリケーションの内部エラーです。
1073f294	コマンドの実行に失敗しました。
1073f2b4	メモリ不足のため実行できません。
1073f2d6	システム レジストリ エントリは削除されています。また、INI ファイルがある場合は、INI ファイルも削除されました。
1073f350	一部のシステム レジストリ エントリ (または INI ファイル) は削除されませんでした。
1073f3ae	このプログラムにはファイル %s が必要ですがこのシステム上に見つかりませんでした。
1073f404	このプログラムは欠落エクスポート %s にファイル %s 内でリンクされています。このコンピュータは互換性のないバージョンの %s を含んでいる可能性があります。
1073f4ac	整数を入力してください。
1073f4c6	数字を入力してください。
1073f4e0	%1 から %2 までの整数を入力してください。
1073f512	%1 から %2 までの数字を入力してください。
1073f544	%1 文字以内で入力してください。
1073f568	ボタンを選択してください。
1073f584	0 から 255 までの整数を入力してください。
1073f5b6	正の整数を入力してください。
1073f5d4	日付/時刻を入力してください。
1073f5f4	通貨型を入力してください。
1073f610	 GUID入力してください。
1073f62e	時刻を入力してください。
1073f648	日付を入力してください。
1073f668	予期しないファイル形式です。
1073f686	%1\nこのファイルが見つかりません。\nパスとファイル名が正しいかどうか確認してださい。
1073f6de	出力先のディスク ドライブの空き容量が不足しています。
1073f716	%1 は使用中のため、読み取れません。
1073f73e	%1 は使用中または読み取り専用のため、書き込めません。
1073f778	%1 の読み取り中に予期しないエラーが発生しました。
1073f7ae	%1 の書き込み中に予期しないエラーが発生しました。
1073f7f8	%1: %2\nContinueスクリプトを実行中ですか?
1073f832	ディスパッチの例外 : %1
1073f884	書き込み専用プロパティからは読み取れません。
1073f8b2	読み取り専用プロパティには書き込めません。
1073f8e4	メール システム サポートを読み込めません。
1073f912	メール システム DLL が無効です。
1073f93a	メールの送信に失敗しました。
1073f974	エラーはありませんでした。
1073f990	%1 へのアクセス中に不明なエラーが発生しました。
1073f9c4	%1 が見つかりませんでした。
1073f9e4	%1 には無効なパスが含まれています。
1073fa0c	開いているファイルが多すぎるため、%1 を開けませんでした。
1073fa4a	%1 へのアクセスは拒否されました。
1073fa70	%1 へ無効なファイル ハンドルが関連付けられていました。
1073faac	現在のディレクトリ %1 は削除できませんでした。
1073fae0	%1 を作成できませんでした。そのディレクトリはいっぱいです。
1073fb20	%1 のシークに失敗しました。
1073fb40	%1 へのアクセス中にハードウェア I/O エラーが報告されました。
1073fb86	%1 へのアクセス中に共有違反が発生しました。
1073fbb6	%1 へのアクセス中にロック違反が発生しました。
1073fbe8	%1 へのアクセス中にディスクがいっぱいになりました。
1073fc20	%1 の末尾以降にアクセスしようとしました。
1073fc50	エラーはありませんでした。
1073fc6c	%1 へのアクセス中に不明なエラーが発生しました。
1073fca0	%1 の読み取り中に書き込もうとしました。
1073fccc	%1 の末尾以降にアクセスしようとしました。
1073fcfa	%1 へ書き込み中に読み取ろうとしました。
1073fd26	%1 の形式が正しくありません。
1073fd48	%1 は予期しないオブジェクトを含んでいます。
1073fd78	%1 は不正なスキーマを含んでいます。
1073fdb0	ピクセル
1073ffa2	StringFileInfo
1073ffc6	040904b0
1073ffde	Comments
1073fff6	CompanyName
10740010	CANON INC.
1074002e	FileDescription
10740050	ScanGear User Interface
10740086	FileVersion
107400a0	14.0.7.47
107400ba	InternalName
107400d4	SGUI
107400e6	LegalCopyright
10740104	Copyright CANON INC. 2008 All Rights Reserved
10740166	LegalTrademarks
1074018e	OriginalFilename
107401b0	SGUI.DLL
107401ca	PrivateBuild
107401ea	ProductName
10740204	ScanGear
1074021e	ProductVersion
1074023c	14.0.7.47
10740256	SpecialBuild
10740276	VarFileInfo
10740296	Translation
107402b4	<assembly xmlns="urn:schemas-microsoft-com:asm.v1" manifestVersion="1.0"><dependency><dependentAssembly><assemblyIdentity type="win32" name="Microsoft.Windows.Common-Controls" version="6.0.0.0" processorArchitecture="X86" publicKeyToken="6595b64144ccf1df" language="*"></assemblyIdentity></dependentAssembly></dependency></assembly>PADDINGXXPADDINGPADDINGXXPADDINGPADDINGXXPADDINGPADDINGXXPADDINGPADDINGXXPADDINGPADDINGXXPADDINGPADDINGXXPADDINGPADDINGXXPADDINGPADDINGXXPADDINGPADDINGXXPADDINGPADDINGXXPADDINGPADDINGXXPADDINGPADDINGXXPADDINGPADDINGXXPADDINGPADDINGXXPADDINGPADDINGXXPADDINGPADDINGXXPADDINGPADDINGXXPADDINGPADDINGXXPADDINGPADDINGXXPADDINGPADDINGXXPADDINGPADDINGXXPADDINGPADDINGXXPADDINGPADDINGXXPADDINGPADDINGXXPADDINGPADDINGXXPADDINGPADDINGXXPADDINGPADDINGXXPADDINGPADDINGXXPADDINGPADDINGXXPADDINGPADDINGXXPADDINGPADDINGXXPADDINGPADDINGXXPADDINGPADDINGXXPADDINGPADDINGXXPADDINGPADDINGXXPADDINGPADDINGXXPADDINGPADDINGXXPADDINGPADDINGXXPADDINGPADDINGXXPADDINGPADDINGXXPADDINGPADDINGXXPADDINGPADDINGXXPADDINGPADDINGXXPADDINGPADDINGXXPADDINGPADDINGXXPADDINGPADDINGXXPADDINGPADDINGXXPADDINGPADDINGXXPADDINGPADDINGXXPADDINGPADDINGXXPADDINGPADDINGXXPADDINGPADDINGXXPADDINGPADDINGXXPADDINGPADDINGXXPADDINGPADDINGXXPADDINGPADDINGXXPADDINGPADDINGXXPADDINGPADDINGXXPADDINGPADDINGXXPADDINGPADDINGXXPADDINGPADDINGXXPADDINGPADDINGXXPADDINGPADDINGXXPADDINGPADDINGXXPADDINGPADDINGXXPADDINGPADDINGXXPADDINGPADDINGXXPADDINGPADDINGXXPADDINGPADDINGXXPADDINGPADDINGXXPADDINGPADDINGXXPADDINGPADDINGXXPADDINGPADDINGXXPADDINGPADDINGXXPADDINGPADDINGXXPADDINGPADDINGXXPADDINGPADDINGXXPADDINGPADDINGXXPADDINGPADDINGXXPADDINGPADDINGXXPADDINGPADDINGXXPADDINGPADDINGXXPADDINGPADDINGXXPADDINGPADDINGXXPADDINGPADDINGXXPADDINGPADDINGXXPADDINGPADDINGXXPADDINGPADDINGXXPADDINGPADDINGXXPADDINGPADDINGXXPADDINGPADDINGXXPADDINGPADDINGXXPADDINGPADDINGXXPADDINGPADDINGXXPADDINGPADDINGXXPADDINGPADDINGXXPADDINGPADDINGXXPADDINGPADDINGXXPADDINGPADDINGXXPADDINGPADDINGXXPADDINGPADDINGXXPADDINGPADDINGXXPADDINGPADDINGXXPADDINGPADDINGXXPADDINGPADDINGXXPADDINGPADDINGXXPADDINGPADDINGXXPADDINGPADDINGXXPADDINGPADDINGXXPADDINGPADDINGXXPADDINGPADDINGXXPADDINGPADDINGXXPADDINGPADDINGXXPADDINGPADDINGXXPADDINGPADDINGXXPADDINGPADDINGXXPADDINGPADDINGXXPADDINGPADDINGXXPADDINGPADDINGXXPADDINGPADDINGXXPADDINGPADDINGXXPADDINGPADDINGXXPADDINGPADDINGXXPADDINGPADDINGXXPADDINGPADDINGXXPADDINGPADDINGXXPADDINGPADDINGXXPADDINGPADDINGXXPADDINGPADDINGXXPADDINGPADDINGXXPADDINGPADDINGXXPADDINGPADDINGXXPADDINGPADDINGXXPADDINGPADDINGXXPADDINGPADDINGXXPADDINGPADDINGXXPADDINGPADDINGXXPADDINGPADDINGXXPADDINGPADDINGXXPADDINGPADDINGXXPADDINGPADDINGXXPADDINGPADDINGXXPADDINGPADDINGXXPADDINGPADDINGXXPADDINGPADDINGXXPADDINGPADDINGXXPADDINGPADDINGXXPADDINGPADDINGXXPADDINGPADDINGXXPADDINGPADDINGXXPADDINGPADDINGXXPADDINGPADDINGXXPADDINGPADDINGXXPADDINGPADDINGXXPADDINGPADDINGXXPADDINGPADDINGXXPADDINGPADDINGXXPADDINGPADDINGXXPADDINGPADDINGXXPADDINGPADDINGXXPADDINGPADDINGXXPADDINGPADDINGXXPADDINGPADDINGXXPADDINGPADDINGXXPADDINGPADDINGXXPADDINGPADDINGXXPADDINGPADDINGXXPADDINGPADDINGXXPADDINGPADDINGXXPADDINGPADDINGXXPADDINGPADDINGXXPADDINGPADDINGXXPADDINGPADDINGXXPADDINGPADDINGXXPADDINGPADDINGXXPADDINGPADDINGXXPADDINGPADDINGXXPADDINGPADDINGXXPADDINGPADDINGXXPADDINGPADDINGXXPADDINGPADDINGXXPADDINGPADDINGXXPADDINGPADDINGXXPADDINGPADDINGXXPADDINGPADDINGXXPADDINGPADDINGXXPADDINGPADDINGXXPADDINGPADDINGXXPADDINGPADDINGXXPADDINGPADDINGXXPADDINGPADDINGXXPADDING
ffdfff50	00000000-0000-0000-0000-000000000000
